<?xml version="1.0" encoding="utf-8"?>
<ode><userPreferences><userPreference><key>theme</key><value>base</value></userPreference></userPreferences><odeResources><odeResource><key>odeVersionId</key><value>20251127225402ZLTRPI</value></odeResource><odeResource><key>odeId</key><value>20251127214945KXOEUX</value></odeResource><odeResource><key>odeVersionName</key><value>0</value></odeResource><odeResource><key>isDownload</key><value>true</value></odeResource></odeResources><odeProperties><odeProperty><key>pp_title</key><value/></odeProperty><odeProperty><key>pp_lang</key><value/></odeProperty><odeProperty><key>pp_author</key><value/></odeProperty><odeProperty><key>license</key><value>creative commons: attribution - share alike 4.0</value></odeProperty><odeProperty><key>pp_description</key><value/></odeProperty><odeProperty><key>exportSource</key><value>true</value></odeProperty><odeProperty><key>pp_addExeLink</key><value>true</value></odeProperty><odeProperty><key>pp_exportElp</key><value>false</value></odeProperty><odeProperty><key>pp_addPagination</key><value>false</value></odeProperty><odeProperty><key>pp_addSearchBox</key><value>false</value></odeProperty><odeProperty><key>pp_addAccessibilityToolbar</key><value>false</value></odeProperty><odeProperty><key>pp_extraHeadContent</key><value/></odeProperty><odeProperty><key>footer</key><value/></odeProperty></odeProperties><odeNavStructures><odeNavStructure><odePageId>20251127225403UBZBBN</odePageId><odeParentPageId/><pageName>PORTADA</pageName><odeNavStructureOrder>1</odeNavStructureOrder><odeNavStructureProperties><odeNavStructureProperty><key>titleNode</key><value>PORTADA</value></odeNavStructureProperty><odeNavStructureProperty><key>titleHtml</key><value/></odeNavStructureProperty><odeNavStructureProperty><key>editableInPage</key><value>false</value></odeNavStructureProperty><odeNavStructureProperty><key>titlePage</key><value>PORTADA</value></odeNavStructureProperty><odeNavStructureProperty><key>visibility</key><value>true</value></odeNavStructureProperty><odeNavStructureProperty><key>description</key><value/></odeNavStructureProperty></odeNavStructureProperties><odePagStructures><odePagStructure><odePageId>20251127225403UBZBBN</odePageId><odeBlockId>20251127225403TZEKPY</odeBlockId><blockName>REDES DE INFORMATICA</blockName><iconName>present</iconName><odePagStructureOrder>1</odePagStructureOrder><odePagStructureProperties><odePagStructureProperty><key>visibility</key><value>true</value></odePagStructureProperty><odePagStructureProperty><key>teacherOnly</key><value>false</value></odePagStructureProperty><odePagStructureProperty><key>allowToggle</key><value>true</value></odePagStructureProperty><odePagStructureProperty><key>minimized</key><value>false</value></odePagStructureProperty><odePagStructureProperty><key>identifier</key><value/></odePagStructureProperty><odePagStructureProperty><key>cssClass</key><value/></odePagStructureProperty></odePagStructureProperties><odeComponents><odeComponent><odePageId>20251127225403UBZBBN</odePageId><odeBlockId>20251127225403TZEKPY</odeBlockId><odeIdeviceId>20251127162842562QZQ</odeIdeviceId><odeIdeviceTypeName>text</odeIdeviceTypeName><htmlView>&lt;div class="exe-text-template"&gt;&lt;div class="textIdeviceContent"&gt;
            &lt;div class="exe-text-activity"&gt;
                &lt;div&gt;&lt;div style="text-align: center; font-family: 'Segoe UI', Arial, sans-serif; background: linear-gradient(135deg, #E3F2FD, #FFFFFF); padding: 30px; border-radius: 15px; box-shadow: 0 4px 8px rgba(0,0,0,0.1); max-width: 650px; margin: auto;"&gt;&lt;img src="{{context_path}}/20251127162842562QZQ/logo_uce.png" alt="Logo UCE" style="width: 180px; height: auto; margin-bottom: 20px;"&gt;
&lt;h2 style="color: #0d47a1; margin-bottom: 10px;"&gt;UNIVERSIDAD CENTRAL DEL ECUADOR&lt;/h2&gt;
&lt;p style="font-size: 16px; color: #333; margin-bottom: 20px;"&gt;Facultad de Filosofía, Letras y Ciencias de la Educación&lt;/p&gt;
&lt;h3 style="color: #1565c0; margin-bottom: 10px;"&gt;Integrantes&lt;/h3&gt;
&lt;p style="font-size: 15px;"&gt;Alisson Pilataxi&lt;/p&gt;
&lt;p style="font-size: 15px;"&gt;Josué Amagüaña&lt;/p&gt;
&lt;p style="font-size: 15px;"&gt;Andrea Anguisaca&lt;/p&gt;
&lt;p style="font-size: 15px;"&gt;Leonel Yanza&lt;/p&gt;
&lt;/div&gt;&lt;p class="clearfix"&gt;&lt;/p&gt;&lt;/div&gt;
            &lt;/div&gt;&lt;/div&gt;&lt;/div&gt;</htmlView><jsonProperties>{"ideviceId":"20251127162842562QZQ","textInfoDurationInput":"","textInfoDurationTextInput":"Duración","textInfoParticipantsInput":"","textInfoParticipantsTextInput":"Agrupamiento","textTextarea":"&lt;div style=\"text-align: center; font-family: 'Segoe UI', Arial, sans-serif; background: linear-gradient(135deg, #E3F2FD, #FFFFFF); padding: 30px; border-radius: 15px; box-shadow: 0 4px 8px rgba(0,0,0,0.1); max-width: 650px; margin: auto;\"&gt;&lt;img src=\"{{context_path}}/20251127162842562QZQ/logo_uce.png\" alt=\"Logo UCE\" style=\"width: 180px; height: auto; margin-bottom: 20px;\" /&gt;\n&lt;h2 style=\"color: #0d47a1; margin-bottom: 10px;\"&gt;UNIVERSIDAD CENTRAL DEL ECUADOR&lt;/h2&gt;\n&lt;p style=\"font-size: 16px; color: #333; margin-bottom: 20px;\"&gt;Facultad de Filosofía, Letras y Ciencias de la Educación&lt;/p&gt;\n&lt;h3 style=\"color: #1565c0; margin-bottom: 10px;\"&gt;Integrantes&lt;/h3&gt;\n&lt;p style=\"font-size: 15px;\"&gt;Alisson Pilataxi&lt;/p&gt;\n&lt;p style=\"font-size: 15px;\"&gt;Josué Amagüaña&lt;/p&gt;\n&lt;p style=\"font-size: 15px;\"&gt;Andrea Anguisaca&lt;/p&gt;\n&lt;p style=\"font-size: 15px;\"&gt;Leonel Yanza&lt;/p&gt;\n&lt;/div&gt;","textFeedbackInput":"Mostrar retroalimentación","textFeedbackTextarea":""}</jsonProperties><odeComponentsOrder>1</odeComponentsOrder><odeComponentsProperties><odeComponentsProperty><key>visibility</key><value>true</value></odeComponentsProperty><odeComponentsProperty><key>teacherOnly</key><value>false</value></odeComponentsProperty><odeComponentsProperty><key>identifier</key><value/></odeComponentsProperty><odeComponentsProperty><key>cssClass</key><value/></odeComponentsProperty></odeComponentsProperties></odeComponent></odeComponents></odePagStructure></odePagStructures></odeNavStructure><odeNavStructure><odePageId>20251127225403KLVXJJ</odePageId><odeParentPageId/><pageName>FASE DE INICIO</pageName><odeNavStructureOrder>2</odeNavStructureOrder><odeNavStructureProperties><odeNavStructureProperty><key>titleNode</key><value>FASE DE INICIO</value></odeNavStructureProperty><odeNavStructureProperty><key>titleHtml</key><value/></odeNavStructureProperty><odeNavStructureProperty><key>editableInPage</key><value>false</value></odeNavStructureProperty><odeNavStructureProperty><key>titlePage</key><value>FASE DE INICIO</value></odeNavStructureProperty><odeNavStructureProperty><key>visibility</key><value>true</value></odeNavStructureProperty><odeNavStructureProperty><key>description</key><value/></odeNavStructureProperty></odeNavStructureProperties><odePagStructures><odePagStructure><odePageId>20251127225403KLVXJJ</odePageId><odeBlockId>20251127225403QANURS</odeBlockId><blockName>INCEPCIÓN</blockName><iconName>present</iconName><odePagStructureOrder>1</odePagStructureOrder><odePagStructureProperties><odePagStructureProperty><key>visibility</key><value>true</value></odePagStructureProperty><odePagStructureProperty><key>teacherOnly</key><value>false</value></odePagStructureProperty><odePagStructureProperty><key>allowToggle</key><value>true</value></odePagStructureProperty><odePagStructureProperty><key>minimized</key><value>false</value></odePagStructureProperty><odePagStructureProperty><key>identifier</key><value/></odePagStructureProperty><odePagStructureProperty><key>cssClass</key><value/></odePagStructureProperty></odePagStructureProperties><odeComponents><odeComponent><odePageId>20251127225403KLVXJJ</odePageId><odeBlockId>20251127225403QANURS</odeBlockId><odeIdeviceId>20251127213330PBYNHA</odeIdeviceId><odeIdeviceTypeName>text</odeIdeviceTypeName><htmlView>&lt;div class="exe-text-template"&gt;&lt;div class="textIdeviceContent"&gt;
            &lt;div class="exe-text-activity"&gt;
                &lt;div&gt;&lt;!-- Tabla HTML estilo morado-celeste para eXeLearning --&gt;
&lt;table style="width: 100%; border-collapse: collapse; font-family: Verdana, sans-serif; margin: 0.5rem 0;"&gt;
&lt;thead&gt;
&lt;tr style="background-color: #6a1b9a; color: #ffffff;"&gt;
&lt;th style="padding: 10px; border: 1px solid #9C27B0;"&gt;Producto RUP&lt;/th&gt;
&lt;th style="padding: 10px; border: 1px solid #9C27B0;"&gt;Producto Pedagógico en eXeLearning&lt;/th&gt;
&lt;th style="padding: 10px; border: 1px solid #9C27B0;"&gt;Aplicación Real&lt;/th&gt;
&lt;/tr&gt;
&lt;/thead&gt;
&lt;tbody&gt;
&lt;tr style="background-color: #f3e5f5;"&gt;
&lt;td style="padding: 10px; border: 1px solid #CE93D8;"&gt;Visión del proyecto&lt;/td&gt;
&lt;td style="padding: 10px; border: 1px solid #CE93D8;"&gt;Objetivo general y resultados de aprendizaje&lt;/td&gt;
&lt;td style="padding: 10px; border: 1px solid #CE93D8;"&gt;El recurso “EduRUP-eXe” permitirá a los estudiantes comprender: redes informáticas.&lt;/td&gt;
&lt;/tr&gt;
&lt;tr style="background-color: #e1f5fe;"&gt;
&lt;td style="padding: 10px; border: 1px solid #81D4FA;"&gt;Modelo de negocio / educativo&lt;/td&gt;
&lt;td style="padding: 10px; border: 1px solid #81D4FA;"&gt;Justificación pedagógica&lt;/td&gt;
&lt;td style="padding: 10px; border: 1px solid #81D4FA;"&gt;Se explica que el material será usado en 1.º nivel de Redes, para aprendizaje autónomo y guiado.&lt;/td&gt;
&lt;/tr&gt;
&lt;tr style="background-color: #f5f5f5;"&gt;
&lt;td style="padding: 10px; border: 1px solid #BDBDBD;"&gt;Casos de uso de alto nivel&lt;/td&gt;
&lt;td style="padding: 10px; border: 1px solid #BDBDBD;"&gt;Escenarios educativos&lt;/td&gt;
&lt;td style="padding: 10px; border: 1px solid #BDBDBD;"&gt;Caso de uso: “El estudiante revisa la teoría y resuelve actividades interactivas”.&lt;/td&gt;
&lt;/tr&gt;
&lt;tr style="background-color: #ede7f6;"&gt;
&lt;td style="padding: 10px; border: 1px solid #B39DDB;"&gt;Glosario&lt;/td&gt;
&lt;td style="padding: 10px; border: 1px solid #B39DDB;"&gt;Glosario interactivo de eXe&lt;/td&gt;
&lt;td style="padding: 10px; border: 1px solid #B39DDB;"&gt;Términos: protocolo, router, switch, transmisión simplex, etc.&lt;/td&gt;
&lt;/tr&gt;
&lt;tr style="background-color: #e0f2f1;"&gt;
&lt;td style="padding: 10px; border: 1px solid #80CBC4;"&gt;Plan inicial del proyecto&lt;/td&gt;
&lt;td style="padding: 10px; border: 1px solid #80CBC4;"&gt;Plan del contenido&lt;/td&gt;
&lt;td style="padding: 10px; border: 1px solid #80CBC4;"&gt;Se definen módulos: Comunicación – Transmisión – Dispositivos – Direccionamiento IP.&lt;/td&gt;
&lt;/tr&gt;
&lt;tr style="background-color: #fafafa;"&gt;
&lt;td style="padding: 10px; border: 1px solid #CFD8DC;"&gt;Riesgos iniciales&lt;/td&gt;
&lt;td style="padding: 10px; border: 1px solid #CFD8DC;"&gt;Limitaciones educativas&lt;/td&gt;
&lt;td style="padding: 10px; border: 1px solid #CFD8DC;"&gt;Falta de conectividad, poco conocimiento previo, exceso de texto.&lt;/td&gt;
&lt;/tr&gt;
&lt;/tbody&gt;
&lt;/table&gt;&lt;p class="clearfix"&gt;&lt;/p&gt;&lt;/div&gt;
            &lt;/div&gt;&lt;/div&gt;&lt;/div&gt;</htmlView><jsonProperties>{"ideviceId":"20251127213330PBYNHA","textInfoDurationInput":"","textInfoDurationTextInput":"Duración","textInfoParticipantsInput":"","textInfoParticipantsTextInput":"Agrupamiento","textTextarea":"&lt;!-- Tabla HTML estilo morado-celeste para eXeLearning --&gt;\n&lt;table style=\"width: 100%; border-collapse: collapse; font-family: Verdana, sans-serif; margin: 0.5rem 0;\"&gt;\n&lt;thead&gt;\n&lt;tr style=\"background-color: #6a1b9a; color: #ffffff;\"&gt;\n&lt;th style=\"padding: 10px; border: 1px solid #9C27B0;\"&gt;Producto RUP&lt;/th&gt;\n&lt;th style=\"padding: 10px; border: 1px solid #9C27B0;\"&gt;Producto Pedagógico en eXeLearning&lt;/th&gt;\n&lt;th style=\"padding: 10px; border: 1px solid #9C27B0;\"&gt;Aplicación Real&lt;/th&gt;\n&lt;/tr&gt;\n&lt;/thead&gt;\n&lt;tbody&gt;\n&lt;tr style=\"background-color: #f3e5f5;\"&gt;\n&lt;td style=\"padding: 10px; border: 1px solid #CE93D8;\"&gt;Visión del proyecto&lt;/td&gt;\n&lt;td style=\"padding: 10px; border: 1px solid #CE93D8;\"&gt;Objetivo general y resultados de aprendizaje&lt;/td&gt;\n&lt;td style=\"padding: 10px; border: 1px solid #CE93D8;\"&gt;El recurso “EduRUP-eXe” permitirá a los estudiantes comprender: redes informáticas.&lt;/td&gt;\n&lt;/tr&gt;\n&lt;tr style=\"background-color: #e1f5fe;\"&gt;\n&lt;td style=\"padding: 10px; border: 1px solid #81D4FA;\"&gt;Modelo de negocio / educativo&lt;/td&gt;\n&lt;td style=\"padding: 10px; border: 1px solid #81D4FA;\"&gt;Justificación pedagógica&lt;/td&gt;\n&lt;td style=\"padding: 10px; border: 1px solid #81D4FA;\"&gt;Se explica que el material será usado en 1.º nivel de Redes, para aprendizaje autónomo y guiado.&lt;/td&gt;\n&lt;/tr&gt;\n&lt;tr style=\"background-color: #f5f5f5;\"&gt;\n&lt;td style=\"padding: 10px; border: 1px solid #BDBDBD;\"&gt;Casos de uso de alto nivel&lt;/td&gt;\n&lt;td style=\"padding: 10px; border: 1px solid #BDBDBD;\"&gt;Escenarios educativos&lt;/td&gt;\n&lt;td style=\"padding: 10px; border: 1px solid #BDBDBD;\"&gt;Caso de uso: “El estudiante revisa la teoría y resuelve actividades interactivas”.&lt;/td&gt;\n&lt;/tr&gt;\n&lt;tr style=\"background-color: #ede7f6;\"&gt;\n&lt;td style=\"padding: 10px; border: 1px solid #B39DDB;\"&gt;Glosario&lt;/td&gt;\n&lt;td style=\"padding: 10px; border: 1px solid #B39DDB;\"&gt;Glosario interactivo de eXe&lt;/td&gt;\n&lt;td style=\"padding: 10px; border: 1px solid #B39DDB;\"&gt;Términos: protocolo, router, switch, transmisión simplex, etc.&lt;/td&gt;\n&lt;/tr&gt;\n&lt;tr style=\"background-color: #e0f2f1;\"&gt;\n&lt;td style=\"padding: 10px; border: 1px solid #80CBC4;\"&gt;Plan inicial del proyecto&lt;/td&gt;\n&lt;td style=\"padding: 10px; border: 1px solid #80CBC4;\"&gt;Plan del contenido&lt;/td&gt;\n&lt;td style=\"padding: 10px; border: 1px solid #80CBC4;\"&gt;Se definen módulos: Comunicación – Transmisión – Dispositivos – Direccionamiento IP.&lt;/td&gt;\n&lt;/tr&gt;\n&lt;tr style=\"background-color: #fafafa;\"&gt;\n&lt;td style=\"padding: 10px; border: 1px solid #CFD8DC;\"&gt;Riesgos iniciales&lt;/td&gt;\n&lt;td style=\"padding: 10px; border: 1px solid #CFD8DC;\"&gt;Limitaciones educativas&lt;/td&gt;\n&lt;td style=\"padding: 10px; border: 1px solid #CFD8DC;\"&gt;Falta de conectividad, poco conocimiento previo, exceso de texto.&lt;/td&gt;\n&lt;/tr&gt;\n&lt;/tbody&gt;\n&lt;/table&gt;","textFeedbackInput":"Mostrar retroalimentación","textFeedbackTextarea":""}</jsonProperties><odeComponentsOrder>1</odeComponentsOrder><odeComponentsProperties><odeComponentsProperty><key>visibility</key><value>true</value></odeComponentsProperty><odeComponentsProperty><key>teacherOnly</key><value>false</value></odeComponentsProperty><odeComponentsProperty><key>identifier</key><value/></odeComponentsProperty><odeComponentsProperty><key>cssClass</key><value/></odeComponentsProperty></odeComponentsProperties></odeComponent></odeComponents></odePagStructure></odePagStructures></odeNavStructure><odeNavStructure><odePageId>20251127225403LSXGXV</odePageId><odeParentPageId/><pageName>FASE DE ELABORACIÓN</pageName><odeNavStructureOrder>3</odeNavStructureOrder><odeNavStructureProperties><odeNavStructureProperty><key>titleNode</key><value>FASE DE ELABORACIÓN</value></odeNavStructureProperty><odeNavStructureProperty><key>titleHtml</key><value/></odeNavStructureProperty><odeNavStructureProperty><key>editableInPage</key><value>false</value></odeNavStructureProperty><odeNavStructureProperty><key>titlePage</key><value>FASE DE ELABORACIÓN</value></odeNavStructureProperty><odeNavStructureProperty><key>visibility</key><value>true</value></odeNavStructureProperty><odeNavStructureProperty><key>description</key><value/></odeNavStructureProperty></odeNavStructureProperties><odePagStructures><odePagStructure><odePageId>20251127225403LSXGXV</odePageId><odeBlockId>20251127225403HDHEVR</odeBlockId><blockName>ELABORACIÓN</blockName><iconName>present</iconName><odePagStructureOrder>1</odePagStructureOrder><odePagStructureProperties><odePagStructureProperty><key>visibility</key><value>true</value></odePagStructureProperty><odePagStructureProperty><key>teacherOnly</key><value>false</value></odePagStructureProperty><odePagStructureProperty><key>allowToggle</key><value>true</value></odePagStructureProperty><odePagStructureProperty><key>minimized</key><value>false</value></odePagStructureProperty><odePagStructureProperty><key>identifier</key><value/></odePagStructureProperty><odePagStructureProperty><key>cssClass</key><value/></odePagStructureProperty></odePagStructureProperties><odeComponents><odeComponent><odePageId>20251127225403LSXGXV</odePageId><odeBlockId>20251127225403HDHEVR</odeBlockId><odeIdeviceId>20251127215848LMTFWH</odeIdeviceId><odeIdeviceTypeName>text</odeIdeviceTypeName><htmlView>&lt;div class="exe-text-template"&gt;&lt;div class="textIdeviceContent"&gt;
            &lt;div class="exe-text-activity"&gt;
                &lt;div&gt;&lt;!-- Tabla para eXeLearning / HTML --&gt;
&lt;table style="width: 100%; border-collapse: collapse; font-family: Arial, sans-serif; margin: 0.5rem 0;"&gt;
&lt;thead&gt;
&lt;tr style="background-color: #1976d2; color: #ffffff; text-align: left;"&gt;
&lt;th style="padding: 10px; border: 1px solid #1565C0;"&gt;Producto RUP&lt;/th&gt;
&lt;th style="padding: 10px; border: 1px solid #1565C0;"&gt;Producto Pedagógico&lt;/th&gt;
&lt;th style="padding: 10px; border: 1px solid #1565C0;"&gt;Aplicación Real en EduRUP-eXe&lt;/th&gt;
&lt;/tr&gt;
&lt;/thead&gt;
&lt;tbody&gt;
&lt;tr style="background-color: #e3f2fd;"&gt;
&lt;td style="padding: 10px; border: 1px solid #BBDEFB;"&gt;Modelo de casos de uso detallado&lt;/td&gt;
&lt;td style="padding: 10px; border: 1px solid #BBDEFB;"&gt;Guion instruccional del recurso&lt;/td&gt;
&lt;td style="padding: 10px; border: 1px solid #BBDEFB;"&gt;Se diseña paso a paso: explicación → ejemplo → actividad → retroalimentación.&lt;/td&gt;
&lt;/tr&gt;
&lt;tr style="background-color: #ffffff;"&gt;
&lt;td style="padding: 10px; border: 1px solid #E0E0E0;"&gt;Arquitectura del software&lt;/td&gt;
&lt;td style="padding: 10px; border: 1px solid #E0E0E0;"&gt;Estructura del objeto eXe&lt;/td&gt;
&lt;td style="padding: 10px; border: 1px solid #E0E0E0;"&gt;Se define navegación en árbol: Inicio → Teoría → Actividades → Evaluación.&lt;/td&gt;
&lt;/tr&gt;
&lt;tr style="background-color: #e8f5e9;"&gt;
&lt;td style="padding: 10px; border: 1px solid #C8E6C9;"&gt;Prototipo arquitectónico&lt;/td&gt;
&lt;td style="padding: 10px; border: 1px solid #C8E6C9;"&gt;Boceto inicial en eXeLearning&lt;/td&gt;
&lt;td style="padding: 10px; border: 1px solid #C8E6C9;"&gt;Se crean páginas base con iDevices: Texto libre, Elección múltiple, Galería, Preguntas.&lt;/td&gt;
&lt;/tr&gt;
&lt;tr style="background-color: #ffffff;"&gt;
&lt;td style="padding: 10px; border: 1px solid #E0E0E0;"&gt;Modelo de análisis&lt;/td&gt;
&lt;td style="padding: 10px; border: 1px solid #E0E0E0;"&gt;Mapa conceptual del contenido&lt;/td&gt;
&lt;td style="padding: 10px; border: 1px solid #E0E0E0;"&gt;Se identifican conceptos clave: comunicación, transmisión, topologías.&lt;/td&gt;
&lt;/tr&gt;
&lt;tr style="background-color: #fffde7;"&gt;
&lt;td style="padding: 10px; border: 1px solid #FFF9C4;"&gt;Plan detallado&lt;/td&gt;
&lt;td style="padding: 10px; border: 1px solid #FFF9C4;"&gt;Cronograma de elaboración&lt;/td&gt;
&lt;td style="padding: 10px; border: 1px solid #FFF9C4;"&gt;Redacción → Creación de actividades → Diseño → Exportación SCORM.&lt;/td&gt;
&lt;/tr&gt;
&lt;tr style="background-color: #ffffff;"&gt;
&lt;td style="padding: 10px; border: 1px solid #E0E0E0;"&gt;Refinamiento de riesgos&lt;/td&gt;
&lt;td style="padding: 10px; border: 1px solid #E0E0E0;"&gt;Ajustes según prueba temprana&lt;/td&gt;
&lt;td style="padding: 10px; border: 1px solid #E0E0E0;"&gt;Se reduce texto y se agregan gráficos explicativos.&lt;/td&gt;
&lt;/tr&gt;
&lt;/tbody&gt;
&lt;/table&gt;&lt;p class="clearfix"&gt;&lt;/p&gt;&lt;/div&gt;
            &lt;/div&gt;&lt;/div&gt;&lt;/div&gt;</htmlView><jsonProperties>{"ideviceId":"20251127215848LMTFWH","textInfoDurationInput":"","textInfoDurationTextInput":"Duración","textInfoParticipantsInput":"","textInfoParticipantsTextInput":"Agrupamiento","textTextarea":"&lt;!-- Tabla para eXeLearning / HTML --&gt;\n&lt;table style=\"width: 100%; border-collapse: collapse; font-family: Arial, sans-serif; margin: 0.5rem 0;\"&gt;\n&lt;thead&gt;\n&lt;tr style=\"background-color: #1976d2; color: #ffffff; text-align: left;\"&gt;\n&lt;th style=\"padding: 10px; border: 1px solid #1565C0;\"&gt;Producto RUP&lt;/th&gt;\n&lt;th style=\"padding: 10px; border: 1px solid #1565C0;\"&gt;Producto Pedagógico&lt;/th&gt;\n&lt;th style=\"padding: 10px; border: 1px solid #1565C0;\"&gt;Aplicación Real en EduRUP-eXe&lt;/th&gt;\n&lt;/tr&gt;\n&lt;/thead&gt;\n&lt;tbody&gt;\n&lt;tr style=\"background-color: #e3f2fd;\"&gt;\n&lt;td style=\"padding: 10px; border: 1px solid #BBDEFB;\"&gt;Modelo de casos de uso detallado&lt;/td&gt;\n&lt;td style=\"padding: 10px; border: 1px solid #BBDEFB;\"&gt;Guion instruccional del recurso&lt;/td&gt;\n&lt;td style=\"padding: 10px; border: 1px solid #BBDEFB;\"&gt;Se diseña paso a paso: explicación → ejemplo → actividad → retroalimentación.&lt;/td&gt;\n&lt;/tr&gt;\n&lt;tr style=\"background-color: #ffffff;\"&gt;\n&lt;td style=\"padding: 10px; border: 1px solid #E0E0E0;\"&gt;Arquitectura del software&lt;/td&gt;\n&lt;td style=\"padding: 10px; border: 1px solid #E0E0E0;\"&gt;Estructura del objeto eXe&lt;/td&gt;\n&lt;td style=\"padding: 10px; border: 1px solid #E0E0E0;\"&gt;Se define navegación en árbol: Inicio → Teoría → Actividades → Evaluación.&lt;/td&gt;\n&lt;/tr&gt;\n&lt;tr style=\"background-color: #e8f5e9;\"&gt;\n&lt;td style=\"padding: 10px; border: 1px solid #C8E6C9;\"&gt;Prototipo arquitectónico&lt;/td&gt;\n&lt;td style=\"padding: 10px; border: 1px solid #C8E6C9;\"&gt;Boceto inicial en eXeLearning&lt;/td&gt;\n&lt;td style=\"padding: 10px; border: 1px solid #C8E6C9;\"&gt;Se crean páginas base con iDevices: Texto libre, Elección múltiple, Galería, Preguntas.&lt;/td&gt;\n&lt;/tr&gt;\n&lt;tr style=\"background-color: #ffffff;\"&gt;\n&lt;td style=\"padding: 10px; border: 1px solid #E0E0E0;\"&gt;Modelo de análisis&lt;/td&gt;\n&lt;td style=\"padding: 10px; border: 1px solid #E0E0E0;\"&gt;Mapa conceptual del contenido&lt;/td&gt;\n&lt;td style=\"padding: 10px; border: 1px solid #E0E0E0;\"&gt;Se identifican conceptos clave: comunicación, transmisión, topologías.&lt;/td&gt;\n&lt;/tr&gt;\n&lt;tr style=\"background-color: #fffde7;\"&gt;\n&lt;td style=\"padding: 10px; border: 1px solid #FFF9C4;\"&gt;Plan detallado&lt;/td&gt;\n&lt;td style=\"padding: 10px; border: 1px solid #FFF9C4;\"&gt;Cronograma de elaboración&lt;/td&gt;\n&lt;td style=\"padding: 10px; border: 1px solid #FFF9C4;\"&gt;Redacción → Creación de actividades → Diseño → Exportación SCORM.&lt;/td&gt;\n&lt;/tr&gt;\n&lt;tr style=\"background-color: #ffffff;\"&gt;\n&lt;td style=\"padding: 10px; border: 1px solid #E0E0E0;\"&gt;Refinamiento de riesgos&lt;/td&gt;\n&lt;td style=\"padding: 10px; border: 1px solid #E0E0E0;\"&gt;Ajustes según prueba temprana&lt;/td&gt;\n&lt;td style=\"padding: 10px; border: 1px solid #E0E0E0;\"&gt;Se reduce texto y se agregan gráficos explicativos.&lt;/td&gt;\n&lt;/tr&gt;\n&lt;/tbody&gt;\n&lt;/table&gt;","textFeedbackInput":"Mostrar retroalimentación","textFeedbackTextarea":""}</jsonProperties><odeComponentsOrder>1</odeComponentsOrder><odeComponentsProperties><odeComponentsProperty><key>visibility</key><value>true</value></odeComponentsProperty><odeComponentsProperty><key>teacherOnly</key><value>false</value></odeComponentsProperty><odeComponentsProperty><key>identifier</key><value/></odeComponentsProperty><odeComponentsProperty><key>cssClass</key><value/></odeComponentsProperty></odeComponentsProperties></odeComponent></odeComponents></odePagStructure></odePagStructures></odeNavStructure><odeNavStructure><odePageId>20251127225403JAPMDD</odePageId><odeParentPageId/><pageName>FASE DE CONSTRUCCIÓN</pageName><odeNavStructureOrder>4</odeNavStructureOrder><odeNavStructureProperties><odeNavStructureProperty><key>titleNode</key><value>FASE DE CONSTRUCCIÓN</value></odeNavStructureProperty><odeNavStructureProperty><key>titleHtml</key><value/></odeNavStructureProperty><odeNavStructureProperty><key>editableInPage</key><value>false</value></odeNavStructureProperty><odeNavStructureProperty><key>titlePage</key><value>FASE DE CONSTRUCCIÓN</value></odeNavStructureProperty><odeNavStructureProperty><key>visibility</key><value>true</value></odeNavStructureProperty><odeNavStructureProperty><key>description</key><value/></odeNavStructureProperty></odeNavStructureProperties><odePagStructures><odePagStructure><odePageId>20251127225403JAPMDD</odePageId><odeBlockId>20251127225403XKDFHC</odeBlockId><blockName>CONSTRUCCIÓN</blockName><iconName>present</iconName><odePagStructureOrder>1</odePagStructureOrder><odePagStructureProperties><odePagStructureProperty><key>visibility</key><value>true</value></odePagStructureProperty><odePagStructureProperty><key>teacherOnly</key><value>false</value></odePagStructureProperty><odePagStructureProperty><key>allowToggle</key><value>true</value></odePagStructureProperty><odePagStructureProperty><key>minimized</key><value>false</value></odePagStructureProperty><odePagStructureProperty><key>identifier</key><value/></odePagStructureProperty><odePagStructureProperty><key>cssClass</key><value/></odePagStructureProperty></odePagStructureProperties><odeComponents><odeComponent><odePageId>20251127225403JAPMDD</odePageId><odeBlockId>20251127225403XKDFHC</odeBlockId><odeIdeviceId>20251127215855VGJEQF</odeIdeviceId><odeIdeviceTypeName>text</odeIdeviceTypeName><htmlView>&lt;div class="exe-text-template"&gt;&lt;div class="textIdeviceContent"&gt;
            &lt;div class="exe-text-activity"&gt;
                &lt;div&gt;&lt;!-- Tabla HTML estilo verde-azul para eXeLearning --&gt;
&lt;table style="width: 100%; border-collapse: collapse; font-family: Tahoma, sans-serif; margin: 0.5rem 0;"&gt;
&lt;thead&gt;
&lt;tr style="background-color: #2e7d32; color: #ffffff;"&gt;
&lt;th style="padding: 10px; border: 1px solid #1B5E20;"&gt;Producto RUP&lt;/th&gt;
&lt;th style="padding: 10px; border: 1px solid #1B5E20;"&gt;Producto Pedagógico&lt;/th&gt;
&lt;th style="padding: 10px; border: 1px solid #1B5E20;"&gt;Ejecución en eXeLearning&lt;/th&gt;
&lt;/tr&gt;
&lt;/thead&gt;
&lt;tbody&gt;
&lt;tr style="background-color: #e8f5e9;"&gt;
&lt;td style="padding: 10px; border: 1px solid #A5D6A7;"&gt;Código / implementación&lt;/td&gt;
&lt;td style="padding: 10px; border: 1px solid #A5D6A7;"&gt;Páginas, actividades y multimedia&lt;/td&gt;
&lt;td style="padding: 10px; border: 1px solid #A5D6A7;"&gt;Se implementan secciones con textos explicativos, imágenes y videos.&lt;/td&gt;
&lt;/tr&gt;
&lt;tr style="background-color: #e3f2fd;"&gt;
&lt;td style="padding: 10px; border: 1px solid #90CAF9;"&gt;Componentes implementados&lt;/td&gt;
&lt;td style="padding: 10px; border: 1px solid #90CAF9;"&gt;Módulos instruccionales&lt;/td&gt;
&lt;td style="padding: 10px; border: 1px solid #90CAF9;"&gt;Módulos creados: 1) Comunicación 2) Transmisión 3) Dispositivos 4) Direccionamiento IP 5) Cuestionario final.&lt;/td&gt;
&lt;/tr&gt;
&lt;tr style="background-color: #f1f8e9;"&gt;
&lt;td style="padding: 10px; border: 1px solid #C5E1A5;"&gt;Base de datos&lt;/td&gt;
&lt;td style="padding: 10px; border: 1px solid #C5E1A5;"&gt;No aplica / SCORM&lt;/td&gt;
&lt;td style="padding: 10px; border: 1px solid #C5E1A5;"&gt;Exportación SCORM permite registro de calificaciones.&lt;/td&gt;
&lt;/tr&gt;
&lt;tr style="background-color: #eceff1;"&gt;
&lt;td style="padding: 10px; border: 1px solid #B0BEC5;"&gt;Manual técnico&lt;/td&gt;
&lt;td style="padding: 10px; border: 1px solid #B0BEC5;"&gt;Guía docente&lt;/td&gt;
&lt;td style="padding: 10px; border: 1px solid #B0BEC5;"&gt;Se explica cómo navegar y usar las actividades.&lt;/td&gt;
&lt;/tr&gt;
&lt;tr style="background-color: #e0f7fa;"&gt;
&lt;td style="padding: 10px; border: 1px solid #81D4FA;"&gt;Casos de prueba&lt;/td&gt;
&lt;td style="padding: 10px; border: 1px solid #81D4FA;"&gt;Prueba educativa&lt;/td&gt;
&lt;td style="padding: 10px; border: 1px solid #81D4FA;"&gt;Docentes y 5 estudiantes prueban el recurso (funcionalidad y comprensión).&lt;/td&gt;
&lt;/tr&gt;
&lt;tr style="background-color: #fafafa;"&gt;
&lt;td style="padding: 10px; border: 1px solid #CFD8DC;"&gt;Modelo de diseño actualizado&lt;/td&gt;
&lt;td style="padding: 10px; border: 1px solid #CFD8DC;"&gt;Revisión de iDevices y navegación&lt;/td&gt;
&lt;td style="padding: 10px; border: 1px solid #CFD8DC;"&gt;Se corrigen enlaces, se ajusta notación y colores.&lt;/td&gt;
&lt;/tr&gt;
&lt;tr style="background-color: #e1f5fe;"&gt;
&lt;td style="padding: 10px; border: 1px solid #81D4FA;"&gt;Versiones ejecutables&lt;/td&gt;
&lt;td style="padding: 10px; border: 1px solid #81D4FA;"&gt;Versión HTML y SCORM&lt;/td&gt;
&lt;td style="padding: 10px; border: 1px solid #81D4FA;"&gt;Exportación final en SCORM 1.2 y página web.&lt;/td&gt;
&lt;/tr&gt;
&lt;/tbody&gt;
&lt;/table&gt;&lt;p class="clearfix"&gt;&lt;/p&gt;&lt;/div&gt;
            &lt;/div&gt;&lt;/div&gt;&lt;/div&gt;</htmlView><jsonProperties>{"ideviceId":"20251127215855VGJEQF","textInfoDurationInput":"","textInfoDurationTextInput":"Duración","textInfoParticipantsInput":"","textInfoParticipantsTextInput":"Agrupamiento","textTextarea":"&lt;!-- Tabla HTML estilo verde-azul para eXeLearning --&gt;\n&lt;table style=\"width: 100%; border-collapse: collapse; font-family: Tahoma, sans-serif; margin: 0.5rem 0;\"&gt;\n&lt;thead&gt;\n&lt;tr style=\"background-color: #2e7d32; color: #ffffff;\"&gt;\n&lt;th style=\"padding: 10px; border: 1px solid #1B5E20;\"&gt;Producto RUP&lt;/th&gt;\n&lt;th style=\"padding: 10px; border: 1px solid #1B5E20;\"&gt;Producto Pedagógico&lt;/th&gt;\n&lt;th style=\"padding: 10px; border: 1px solid #1B5E20;\"&gt;Ejecución en eXeLearning&lt;/th&gt;\n&lt;/tr&gt;\n&lt;/thead&gt;\n&lt;tbody&gt;\n&lt;tr style=\"background-color: #e8f5e9;\"&gt;\n&lt;td style=\"padding: 10px; border: 1px solid #A5D6A7;\"&gt;Código / implementación&lt;/td&gt;\n&lt;td style=\"padding: 10px; border: 1px solid #A5D6A7;\"&gt;Páginas, actividades y multimedia&lt;/td&gt;\n&lt;td style=\"padding: 10px; border: 1px solid #A5D6A7;\"&gt;Se implementan secciones con textos explicativos, imágenes y videos.&lt;/td&gt;\n&lt;/tr&gt;\n&lt;tr style=\"background-color: #e3f2fd;\"&gt;\n&lt;td style=\"padding: 10px; border: 1px solid #90CAF9;\"&gt;Componentes implementados&lt;/td&gt;\n&lt;td style=\"padding: 10px; border: 1px solid #90CAF9;\"&gt;Módulos instruccionales&lt;/td&gt;\n&lt;td style=\"padding: 10px; border: 1px solid #90CAF9;\"&gt;Módulos creados: 1) Comunicación 2) Transmisión 3) Dispositivos 4) Direccionamiento IP 5) Cuestionario final.&lt;/td&gt;\n&lt;/tr&gt;\n&lt;tr style=\"background-color: #f1f8e9;\"&gt;\n&lt;td style=\"padding: 10px; border: 1px solid #C5E1A5;\"&gt;Base de datos&lt;/td&gt;\n&lt;td style=\"padding: 10px; border: 1px solid #C5E1A5;\"&gt;No aplica / SCORM&lt;/td&gt;\n&lt;td style=\"padding: 10px; border: 1px solid #C5E1A5;\"&gt;Exportación SCORM permite registro de calificaciones.&lt;/td&gt;\n&lt;/tr&gt;\n&lt;tr style=\"background-color: #eceff1;\"&gt;\n&lt;td style=\"padding: 10px; border: 1px solid #B0BEC5;\"&gt;Manual técnico&lt;/td&gt;\n&lt;td style=\"padding: 10px; border: 1px solid #B0BEC5;\"&gt;Guía docente&lt;/td&gt;\n&lt;td style=\"padding: 10px; border: 1px solid #B0BEC5;\"&gt;Se explica cómo navegar y usar las actividades.&lt;/td&gt;\n&lt;/tr&gt;\n&lt;tr style=\"background-color: #e0f7fa;\"&gt;\n&lt;td style=\"padding: 10px; border: 1px solid #81D4FA;\"&gt;Casos de prueba&lt;/td&gt;\n&lt;td style=\"padding: 10px; border: 1px solid #81D4FA;\"&gt;Prueba educativa&lt;/td&gt;\n&lt;td style=\"padding: 10px; border: 1px solid #81D4FA;\"&gt;Docentes y 5 estudiantes prueban el recurso (funcionalidad y comprensión).&lt;/td&gt;\n&lt;/tr&gt;\n&lt;tr style=\"background-color: #fafafa;\"&gt;\n&lt;td style=\"padding: 10px; border: 1px solid #CFD8DC;\"&gt;Modelo de diseño actualizado&lt;/td&gt;\n&lt;td style=\"padding: 10px; border: 1px solid #CFD8DC;\"&gt;Revisión de iDevices y navegación&lt;/td&gt;\n&lt;td style=\"padding: 10px; border: 1px solid #CFD8DC;\"&gt;Se corrigen enlaces, se ajusta notación y colores.&lt;/td&gt;\n&lt;/tr&gt;\n&lt;tr style=\"background-color: #e1f5fe;\"&gt;\n&lt;td style=\"padding: 10px; border: 1px solid #81D4FA;\"&gt;Versiones ejecutables&lt;/td&gt;\n&lt;td style=\"padding: 10px; border: 1px solid #81D4FA;\"&gt;Versión HTML y SCORM&lt;/td&gt;\n&lt;td style=\"padding: 10px; border: 1px solid #81D4FA;\"&gt;Exportación final en SCORM 1.2 y página web.&lt;/td&gt;\n&lt;/tr&gt;\n&lt;/tbody&gt;\n&lt;/table&gt;","textFeedbackInput":"Mostrar retroalimentación","textFeedbackTextarea":""}</jsonProperties><odeComponentsOrder>1</odeComponentsOrder><odeComponentsProperties><odeComponentsProperty><key>visibility</key><value>true</value></odeComponentsProperty><odeComponentsProperty><key>teacherOnly</key><value>false</value></odeComponentsProperty><odeComponentsProperty><key>identifier</key><value/></odeComponentsProperty><odeComponentsProperty><key>cssClass</key><value/></odeComponentsProperty></odeComponentsProperties></odeComponent></odeComponents></odePagStructure></odePagStructures></odeNavStructure><odeNavStructure><odePageId>20251127225403WNDMWC</odePageId><odeParentPageId/><pageName>FASE DE TRANSICIÓN</pageName><odeNavStructureOrder>5</odeNavStructureOrder><odeNavStructureProperties><odeNavStructureProperty><key>titleNode</key><value>FASE DE TRANSICIÓN</value></odeNavStructureProperty><odeNavStructureProperty><key>titleHtml</key><value/></odeNavStructureProperty><odeNavStructureProperty><key>editableInPage</key><value>false</value></odeNavStructureProperty><odeNavStructureProperty><key>titlePage</key><value>FASE DE TRANSICIÓN</value></odeNavStructureProperty><odeNavStructureProperty><key>visibility</key><value>true</value></odeNavStructureProperty><odeNavStructureProperty><key>description</key><value/></odeNavStructureProperty></odeNavStructureProperties><odePagStructures><odePagStructure><odePageId>20251127225403WNDMWC</odePageId><odeBlockId>20251127225403TLXMAZ</odeBlockId><blockName>TRANSICIÓN</blockName><iconName>present</iconName><odePagStructureOrder>1</odePagStructureOrder><odePagStructureProperties><odePagStructureProperty><key>visibility</key><value>true</value></odePagStructureProperty><odePagStructureProperty><key>teacherOnly</key><value>false</value></odePagStructureProperty><odePagStructureProperty><key>allowToggle</key><value>true</value></odePagStructureProperty><odePagStructureProperty><key>minimized</key><value>false</value></odePagStructureProperty><odePagStructureProperty><key>identifier</key><value/></odePagStructureProperty><odePagStructureProperty><key>cssClass</key><value/></odePagStructureProperty></odePagStructureProperties><odeComponents><odeComponent><odePageId>20251127225403WNDMWC</odePageId><odeBlockId>20251127225403TLXMAZ</odeBlockId><odeIdeviceId>20251127215858SXBZRB</odeIdeviceId><odeIdeviceTypeName>text</odeIdeviceTypeName><htmlView>&lt;div class="exe-text-template"&gt;&lt;div class="textIdeviceContent"&gt;
            &lt;div class="exe-text-activity"&gt;
                &lt;div&gt;&lt;!-- Tabla HTML estilo naranja-beige para eXeLearning --&gt;
&lt;table style="width: 100%; border-collapse: collapse; font-family: 'Segoe UI', sans-serif; margin: 0.5rem 0;"&gt;
&lt;thead&gt;
&lt;tr style="background-color: #ef6c00; color: #ffffff;"&gt;
&lt;th style="padding: 10px; border: 1px solid #E65100;"&gt;Producto RUP&lt;/th&gt;
&lt;th style="padding: 10px; border: 1px solid #E65100;"&gt;Producto en eXeLearning&lt;/th&gt;
&lt;th style="padding: 10px; border: 1px solid #E65100;"&gt;Aplicación final&lt;/th&gt;
&lt;/tr&gt;
&lt;/thead&gt;
&lt;tbody&gt;
&lt;tr style="background-color: #fff3e0;"&gt;
&lt;td style="padding: 10px; border: 1px solid #FFCC80;"&gt;Versión final del software&lt;/td&gt;
&lt;td style="padding: 10px; border: 1px solid #FFCC80;"&gt;Archivo .elp, HTML y SCORM&lt;/td&gt;
&lt;td style="padding: 10px; border: 1px solid #FFCC80;"&gt;Se distribuye en Moodle y USB.&lt;/td&gt;
&lt;/tr&gt;
&lt;tr style="background-color: #fafafa;"&gt;
&lt;td style="padding: 10px; border: 1px solid #CFD8DC;"&gt;Manual del usuario&lt;/td&gt;
&lt;td style="padding: 10px; border: 1px solid #CFD8DC;"&gt;Guía para estudiantes&lt;/td&gt;
&lt;td style="padding: 10px; border: 1px solid #CFD8DC;"&gt;Indicaciones de navegación, actividades y autoevaluación.&lt;/td&gt;
&lt;/tr&gt;
&lt;tr style="background-color: #fff8e1;"&gt;
&lt;td style="padding: 10px; border: 1px solid #FFE082;"&gt;Pruebas de aceptación&lt;/td&gt;
&lt;td style="padding: 10px; border: 1px solid #FFE082;"&gt;Evaluación en clase&lt;/td&gt;
&lt;td style="padding: 10px; border: 1px solid #FFE082;"&gt;Se aplica encuesta de satisfacción y prueba de comprensión.&lt;/td&gt;
&lt;/tr&gt;
&lt;tr style="background-color: #fbe9e7;"&gt;
&lt;td style="padding: 10px; border: 1px solid #FFAB91;"&gt;Capacitaciones&lt;/td&gt;
&lt;td style="padding: 10px; border: 1px solid #FFAB91;"&gt;Taller corto&lt;/td&gt;
&lt;td style="padding: 10px; border: 1px solid #FFAB91;"&gt;Se enseña a estudiantes y docentes a usar el recurso.&lt;/td&gt;
&lt;/tr&gt;
&lt;tr style="background-color: #f5f5f5;"&gt;
&lt;td style="padding: 10px; border: 1px solid #BDBDBD;"&gt;Reporte de incidencias&lt;/td&gt;
&lt;td style="padding: 10px; border: 1px solid #BDBDBD;"&gt;Lista de mejoras&lt;/td&gt;
&lt;td style="padding: 10px; border: 1px solid #BDBDBD;"&gt;Corrección de enlaces, imágenes y textos.&lt;/td&gt;
&lt;/tr&gt;
&lt;tr style="background-color: #e0e0e0;"&gt;
&lt;td style="padding: 10px; border: 1px solid #9E9E9E;"&gt;Plan de mantenimiento&lt;/td&gt;
&lt;td style="padding: 10px; border: 1px solid #9E9E9E;"&gt;Actualización del recurso&lt;/td&gt;
&lt;td style="padding: 10px; border: 1px solid #9E9E9E;"&gt;Revisiones semestrales del contenido.&lt;/td&gt;
&lt;/tr&gt;
&lt;/tbody&gt;
&lt;/table&gt;&lt;p class="clearfix"&gt;&lt;/p&gt;&lt;/div&gt;
            &lt;/div&gt;&lt;/div&gt;&lt;/div&gt;</htmlView><jsonProperties>{"ideviceId":"20251127215858SXBZRB","textInfoDurationInput":"","textInfoDurationTextInput":"Duración","textInfoParticipantsInput":"","textInfoParticipantsTextInput":"Agrupamiento","textTextarea":"&lt;!-- Tabla HTML estilo naranja-beige para eXeLearning --&gt;\n&lt;table style=\"width: 100%; border-collapse: collapse; font-family: 'Segoe UI', sans-serif; margin: 0.5rem 0;\"&gt;\n&lt;thead&gt;\n&lt;tr style=\"background-color: #ef6c00; color: #ffffff;\"&gt;\n&lt;th style=\"padding: 10px; border: 1px solid #E65100;\"&gt;Producto RUP&lt;/th&gt;\n&lt;th style=\"padding: 10px; border: 1px solid #E65100;\"&gt;Producto en eXeLearning&lt;/th&gt;\n&lt;th style=\"padding: 10px; border: 1px solid #E65100;\"&gt;Aplicación final&lt;/th&gt;\n&lt;/tr&gt;\n&lt;/thead&gt;\n&lt;tbody&gt;\n&lt;tr style=\"background-color: #fff3e0;\"&gt;\n&lt;td style=\"padding: 10px; border: 1px solid #FFCC80;\"&gt;Versión final del software&lt;/td&gt;\n&lt;td style=\"padding: 10px; border: 1px solid #FFCC80;\"&gt;Archivo .elp, HTML y SCORM&lt;/td&gt;\n&lt;td style=\"padding: 10px; border: 1px solid #FFCC80;\"&gt;Se distribuye en Moodle y USB.&lt;/td&gt;\n&lt;/tr&gt;\n&lt;tr style=\"background-color: #fafafa;\"&gt;\n&lt;td style=\"padding: 10px; border: 1px solid #CFD8DC;\"&gt;Manual del usuario&lt;/td&gt;\n&lt;td style=\"padding: 10px; border: 1px solid #CFD8DC;\"&gt;Guía para estudiantes&lt;/td&gt;\n&lt;td style=\"padding: 10px; border: 1px solid #CFD8DC;\"&gt;Indicaciones de navegación, actividades y autoevaluación.&lt;/td&gt;\n&lt;/tr&gt;\n&lt;tr style=\"background-color: #fff8e1;\"&gt;\n&lt;td style=\"padding: 10px; border: 1px solid #FFE082;\"&gt;Pruebas de aceptación&lt;/td&gt;\n&lt;td style=\"padding: 10px; border: 1px solid #FFE082;\"&gt;Evaluación en clase&lt;/td&gt;\n&lt;td style=\"padding: 10px; border: 1px solid #FFE082;\"&gt;Se aplica encuesta de satisfacción y prueba de comprensión.&lt;/td&gt;\n&lt;/tr&gt;\n&lt;tr style=\"background-color: #fbe9e7;\"&gt;\n&lt;td style=\"padding: 10px; border: 1px solid #FFAB91;\"&gt;Capacitaciones&lt;/td&gt;\n&lt;td style=\"padding: 10px; border: 1px solid #FFAB91;\"&gt;Taller corto&lt;/td&gt;\n&lt;td style=\"padding: 10px; border: 1px solid #FFAB91;\"&gt;Se enseña a estudiantes y docentes a usar el recurso.&lt;/td&gt;\n&lt;/tr&gt;\n&lt;tr style=\"background-color: #f5f5f5;\"&gt;\n&lt;td style=\"padding: 10px; border: 1px solid #BDBDBD;\"&gt;Reporte de incidencias&lt;/td&gt;\n&lt;td style=\"padding: 10px; border: 1px solid #BDBDBD;\"&gt;Lista de mejoras&lt;/td&gt;\n&lt;td style=\"padding: 10px; border: 1px solid #BDBDBD;\"&gt;Corrección de enlaces, imágenes y textos.&lt;/td&gt;\n&lt;/tr&gt;\n&lt;tr style=\"background-color: #e0e0e0;\"&gt;\n&lt;td style=\"padding: 10px; border: 1px solid #9E9E9E;\"&gt;Plan de mantenimiento&lt;/td&gt;\n&lt;td style=\"padding: 10px; border: 1px solid #9E9E9E;\"&gt;Actualización del recurso&lt;/td&gt;\n&lt;td style=\"padding: 10px; border: 1px solid #9E9E9E;\"&gt;Revisiones semestrales del contenido.&lt;/td&gt;\n&lt;/tr&gt;\n&lt;/tbody&gt;\n&lt;/table&gt;","textFeedbackInput":"Mostrar retroalimentación","textFeedbackTextarea":""}</jsonProperties><odeComponentsOrder>1</odeComponentsOrder><odeComponentsProperties><odeComponentsProperty><key>visibility</key><value>true</value></odeComponentsProperty><odeComponentsProperty><key>teacherOnly</key><value>false</value></odeComponentsProperty><odeComponentsProperty><key>identifier</key><value/></odeComponentsProperty><odeComponentsProperty><key>cssClass</key><value/></odeComponentsProperty></odeComponentsProperties></odeComponent></odeComponents></odePagStructure></odePagStructures></odeNavStructure><odeNavStructure><odePageId>20251127225403DYQTZI</odePageId><odeParentPageId/><pageName>EVALUACION CONTINUA</pageName><odeNavStructureOrder>6</odeNavStructureOrder><odeNavStructureProperties><odeNavStructureProperty><key>titleNode</key><value>EVALUACION CONTINUA</value></odeNavStructureProperty><odeNavStructureProperty><key>titleHtml</key><value/></odeNavStructureProperty><odeNavStructureProperty><key>editableInPage</key><value>false</value></odeNavStructureProperty><odeNavStructureProperty><key>titlePage</key><value>EVALUACION CONTINUA</value></odeNavStructureProperty><odeNavStructureProperty><key>visibility</key><value>true</value></odeNavStructureProperty><odeNavStructureProperty><key>description</key><value/></odeNavStructureProperty></odeNavStructureProperties><odePagStructures><odePagStructure><odePageId>20251127225403DYQTZI</odePageId><odeBlockId>20251127225403NLYPFL</odeBlockId><blockName>Texto</blockName><iconName>present</iconName><odePagStructureOrder>1</odePagStructureOrder><odePagStructureProperties><odePagStructureProperty><key>visibility</key><value>true</value></odePagStructureProperty><odePagStructureProperty><key>teacherOnly</key><value>false</value></odePagStructureProperty><odePagStructureProperty><key>allowToggle</key><value>true</value></odePagStructureProperty><odePagStructureProperty><key>minimized</key><value>false</value></odePagStructureProperty><odePagStructureProperty><key>identifier</key><value/></odePagStructureProperty><odePagStructureProperty><key>cssClass</key><value/></odePagStructureProperty></odePagStructureProperties><odeComponents><odeComponent><odePageId>20251127225403DYQTZI</odePageId><odeBlockId>20251127225403NLYPFL</odeBlockId><odeIdeviceId>20251127222035LQPBQC</odeIdeviceId><odeIdeviceTypeName>text</odeIdeviceTypeName><htmlView>&lt;div class="exe-text-template"&gt;&lt;div class="textIdeviceContent"&gt;
            &lt;div class="exe-text-activity"&gt;
                &lt;div&gt;&lt;div style="text-align: center; font-family: 'Segoe UI', Arial, sans-serif; background: linear-gradient(135deg, #E3F2FD, #FFFFFF); padding: 30px; border-radius: 15px; box-shadow: 0 4px 8px rgba(0,0,0,0.1); max-width: 650px; margin: auto;"&gt;&lt;br&gt;
&lt;h2 style="color: #0d47a1; margin-bottom: 10px;"&gt;Cada fase entrega un artefacto:&lt;/h2&gt;
&lt;p style="font-size: 16px; color: #333; margin-bottom: 20px;"&gt;&lt;br&gt;&lt;/p&gt;
&lt;h3 style="color: #1565c0; margin-bottom: 10px;"&gt;visión, estructura, actividades, evaluación final.&lt;/h3&gt;
&lt;/div&gt;&lt;p class="clearfix"&gt;&lt;/p&gt;&lt;/div&gt;
            &lt;/div&gt;&lt;/div&gt;&lt;/div&gt;</htmlView><jsonProperties>{"ideviceId":"20251127222035LQPBQC","textInfoDurationInput":"","textInfoDurationTextInput":"Duración","textInfoParticipantsInput":"","textInfoParticipantsTextInput":"Agrupamiento","textTextarea":"&lt;div style=\"text-align: center; font-family: 'Segoe UI', Arial, sans-serif; background: linear-gradient(135deg, #E3F2FD, #FFFFFF); padding: 30px; border-radius: 15px; box-shadow: 0 4px 8px rgba(0,0,0,0.1); max-width: 650px; margin: auto;\"&gt;&lt;br /&gt;\n&lt;h2 style=\"color: #0d47a1; margin-bottom: 10px;\"&gt;Cada fase entrega un artefacto:&lt;/h2&gt;\n&lt;p style=\"font-size: 16px; color: #333; margin-bottom: 20px;\"&gt;&lt;br /&gt;&lt;/p&gt;\n&lt;h3 style=\"color: #1565c0; margin-bottom: 10px;\"&gt;visión, estructura, actividades, evaluación final.&lt;/h3&gt;\n&lt;/div&gt;","textFeedbackInput":"Mostrar retroalimentación","textFeedbackTextarea":""}</jsonProperties><odeComponentsOrder>1</odeComponentsOrder><odeComponentsProperties><odeComponentsProperty><key>visibility</key><value>true</value></odeComponentsProperty><odeComponentsProperty><key>teacherOnly</key><value>false</value></odeComponentsProperty><odeComponentsProperty><key>identifier</key><value/></odeComponentsProperty><odeComponentsProperty><key>cssClass</key><value/></odeComponentsProperty></odeComponentsProperties></odeComponent></odeComponents></odePagStructure><odePagStructure><odePageId>20251127225403DYQTZI</odePageId><odeBlockId>20251127225403VETSEU</odeBlockId><blockName>Relaciona</blockName><iconName/><odePagStructureOrder>2</odePagStructureOrder><odePagStructureProperties><odePagStructureProperty><key>visibility</key><value>true</value></odePagStructureProperty><odePagStructureProperty><key>teacherOnly</key><value>false</value></odePagStructureProperty><odePagStructureProperty><key>allowToggle</key><value>true</value></odePagStructureProperty><odePagStructureProperty><key>minimized</key><value>false</value></odePagStructureProperty><odePagStructureProperty><key>identifier</key><value/></odePagStructureProperty><odePagStructureProperty><key>cssClass</key><value/></odePagStructureProperty></odePagStructureProperties><odeComponents><odeComponent><odePageId>20251127225403DYQTZI</odePageId><odeBlockId>20251127225403VETSEU</odeBlockId><odeIdeviceId>20251127172937788RPY</odeIdeviceId><odeIdeviceTypeName>relate</odeIdeviceTypeName><htmlView>&lt;div class="relaciona-IDevice"&gt;&lt;div class="relaciona-instructions gameQP-instructions"&gt;&lt;p&gt;Relaciona cada tarjeta con su pareja.&lt;/p&gt;&lt;/div&gt;&lt;div class="relaciona-DataGame js-hidden"&gt;{"typeGame":"Relaciona","author":"","randomCards":true,"instructions":"&lt;p&gt;Relaciona cada tarjeta con su pareja.&lt;/p&gt;","showMinimize":false,"itinerary":{"showClue":false,"clueGame":"","percentageClue":40,"showCodeAccess":false,"codeAccess":"","messageCodeAccess":""},"cardsGame":[{"url":"","x":0,"y":0,"author":"","alt":"","audio":"","color":"#000000","backcolor":"#ffffff","eText":"Fase%20de%20Inicio","urlBk":"","xBk":0,"yBk":0,"authorBk":"","altBk":"","audioBk":"","colorBk":"#000000","backcolorBk":"#ffffff","eTextBk":"Define%20los%20objetivos%20y%20qu%C3%A9%20se%20va%20a%20aprender."},{"url":"","x":0,"y":0,"author":"","alt":"","audio":"","color":"#000000","backcolor":"#ffffff","eText":"Fase%20de%20Elaboraci%C3%B3n","urlBk":"","xBk":0,"yBk":0,"authorBk":"","altBk":"","audioBk":"","colorBk":"#000000","backcolorBk":"#ffffff","eTextBk":"Organiza%20los%20contenidos%20y%20c%C3%B3mo%20se%20estudiar%C3%A1."},{"url":"","x":0,"y":0,"author":"","alt":"","audio":"","color":"#000000","backcolor":"#ffffff","eText":"Fase%20de%20Construcci%C3%B3n","urlBk":"","xBk":0,"yBk":0,"authorBk":"","altBk":"","audioBk":"","colorBk":"#000000","backcolorBk":"#ffffff","eTextBk":"Se%20crean%20las%20actividades%2C%20textos%20e%20im%C3%A1genes."},{"url":"","x":0,"y":0,"author":"","alt":"","audio":"","color":"#000000","backcolor":"#ffffff","eText":"Fase%20de%20Transici%C3%B3n","urlBk":"","xBk":0,"yBk":0,"authorBk":"","altBk":"","audioBk":"","colorBk":"#000000","backcolorBk":"#ffffff","eTextBk":"Se%20entrega%20el%20material%20y%20se%20eval%C3%BAa."}],"isScorm":0,"textButtonScorm":"Guardar la puntuación","repeatActivity":true,"weighted":100,"textAfter":"","version":2,"percentajeCards":100,"type":0,"showSolution":true,"timeShowSolution":3,"time":3,"evaluation":false,"evaluationID":"20251127212413HQWPAO","id":"20251127172937788RPY","msgs":{"msgSubmit":"Enviar","msgClue":"¡Genial! La pista es:","msgCodeAccess":"Código de acceso","msgPlayStart":"Pulse aquí para jugar","msgScore":"Puntuación","msgErrors":"Errores","msgHits":"Aciertos","msgMinimize":"Minimizar","msgMaximize":"Maximizar","msgFullScreen":"Pantalla Completa","msgExitFullScreen":"Salir del modo pantalla completa","msgNoImage":"Pregunta sin imágenes","msgEndGameScore":"Antes de guardar la puntuación comience la partida.","msgScoreScorm":"La puntuación no se puede guardar porque esta página no forma parte  de un paquete SCORM.","msgOnlySaveScore":"¡Solo puede guardar la puntuación una vez!","msgOnlySave":"Solo puede guardar una vez","msgInformation":"Información","msgYouScore":"Su puntuación","msgAuthor":"Autoría","msgOnlySaveAuto":"Su puntuación se guardará después de cada pregunta. Solo puede jugar una vez.","msgSaveAuto":"Su puntuación se guardará automáticamente después de cada pregunta.","msgSeveralScore":"Puede guardar la puntuación tantas veces como quiera","msgYouLastScore":"La última puntuación guardada es","msgActityComply":"Ya ha realizado esta actividad.","msgPlaySeveralTimes":"Puede realizar esta actividad cuantas veces quiera","msgClose":"Cerrar","msgAudio":"Audio","msgNumQuestions":"Número de tarjetas","msgTryAgain":"Necesitas al menos %s% de respuestas correctas para obtener la información. Inténtalo de nuevo.","msgEndGameM":"Has completado el juego. Tu puntuación es %s.","msgUncompletedActivity":"Actividad no completada","msgSuccessfulActivity":"Actividad superada. Puntuación: %s","msgUnsuccessfulActivity":"Actividad no superada. Puntuación: %s","msgTypeGame":"Relaciona","msgCheck":"Comprobar","msgRestart":"Reiniciar"}}&lt;/div&gt;&lt;div class="game-evaluation-ids js-hidden" data-id="20251127172937788RPY" data-evaluationb="false" data-evaluationid="20251127212413HQWPAO"&gt;&lt;/div&gt;&lt;div class="relaciona-bns js-hidden"&gt;Su navegador no es compatible con esta herramienta.&lt;/div&gt;&lt;/div&gt;</htmlView><jsonProperties/><odeComponentsOrder>1</odeComponentsOrder><odeComponentsProperties><odeComponentsProperty><key>visibility</key><value>true</value></odeComponentsProperty><odeComponentsProperty><key>teacherOnly</key><value>false</value></odeComponentsProperty><odeComponentsProperty><key>identifier</key><value/></odeComponentsProperty><odeComponentsProperty><key>cssClass</key><value/></odeComponentsProperty></odeComponentsProperties></odeComponent></odeComponents></odePagStructure></odePagStructures></odeNavStructure></odeNavStructures></ode>
